Clasificación,142
Regresión,2998
Clustering,142
Clasificación,143
Regresión,2999
Clustering,143
Clasificación,144
Regresión,3000
Clustering,144
Clasificación,145
Regresión,3001
Clustering,145
Clasificación,146
Regresión,3002
Clustering,146
Clasificación,147
Regresión,3003
Clustering,147
Clasificación,148
Regresión,3004
Clustering,148
Clasificación,149
Regresión,3005
Clustering,149
Clasificación,150
Regresión,3006
Clustering,150
Clasificación,152
Regresión,3007
Clustering,152
Clasificación,153
Regresión,3008
Clustering,153
Clasificación,154
Regresión,3009
Clustering,154
Clasificación,155
Regresión,4707
Clustering,155
Clasificación,156
Regresión,4708
Clustering,156
Clasificación,157
Regresión,4709
Clustering,157
Clasificación,201
Regresión,4710
Clustering,201
Clasificación,202
Regresión,4711
Clustering,202
Clasificación,203
Regresión,4712
Clustering,203
Clasificación,204
Regresión,4713
Clustering,204
Clasificación,205
Regresión,4714
Clustering,205
Clasificación,206
Regresión,4715
Clustering,206
Clasificación,207
Regresión,4716
Clustering,207
Clasificación,208
Regresión,4717
Clustering,208
Clasificación,209
Regresión,4718
Clustering,209
Clasificación,210
Regresión,4719
Clustering,210
Clasificación,211
Regresión,4720
Clustering,211
Clasificación,212
Regresión,4721
Clustering,212
Clasificación,213
Regresión,4722
Clustering,213
Clasificación,215
Regresión,4723
Clustering,215
Clasificación,216
Regresión,4724
Clustering,216
Clasificación,217
Regresión,4725
Clustering,217
Clasificación,218
Regresión,4726
Clustering,218
Clasificación,219
Regresión,4727
Clustering,219
Clasificación,220
Regresión,4728
Clustering,220
Clasificación,221
Regresión,4729
Clustering,221
Clasificación,222
Regresión,4730
Clustering,222
Clasificación,223
Regresión,4731
Clustering,223
Clasificación,224
Regresión,4732
Clustering,224
Clasificación,225
Regresión,4733
Clustering,225
Clasificación,226
Regresión,4734
Clustering,226
Clasificación,227
Regresión,4735
Clustering,227
Clasificación,228
Regresión,4736
Clustering,228
Clasificación,229
Regresión,4737
Clustering,229
Clasificación,230
Regresión,4738
Clustering,230
Clasificación,232
Regresión,4739
Clustering,232
Clasificación,233
Regresión,4740
Clustering,233
Clasificación,234
Regresión,4741
Clustering,234
Clasificación,235
Regresión,4742
Clustering,235
Clasificación,236
Regresión,4743
Clustering,236
Clasificación,237
Regresión,4744
Clustering,237
Clasificación,238
Regresión,4745
Clustering,238
Clasificación,239
Regresión,4746
Clustering,239
Clasificación,240
Regresión,4747
Clustering,240
Clasificación,241
Regresión,4748
Clustering,241
Clasificación,242
Regresión,4749
Clustering,242
Clasificación,243
Regresión,4750
Clustering,243
Clasificación,244
Regresión,4751
Clustering,244
Clasificación,245
Regresión,4752
Clustering,245
Clasificación,246
Regresión,4753
Clustering,246
Clasificación,248
Regresión,4754
Clustering,248
Clasificación,250
Regresión,4755
Clustering,250
Clasificación,252
Regresión,4756
Clustering,252
Clasificación,253
Regresión,4757
Clustering,253
Clasificación,254
Regresión,4758
Clustering,254
Clasificación,255
Regresión,4759
Clustering,255
Clasificación,256
Regresión,4760
Clustering,256
Clasificación,257
Regresión,4761
Clustering,257
Clasificación,258
Regresión,4762
Clustering,258
Clasificación,259
Regresión,4763
Clustering,259
Clasificación,260
Regresión,4764
Clustering,260
Clasificación,261
Regresión,4765
Clustering,261
Clasificación,262
Regresión,4766
Clustering,262
Clasificación,264
Regresión,4767
Clustering,264
Clasificación,265
Regresión,4768
Clustering,265
Clasificación,266
Regresión,4769
Clustering,266
Clasificación,267
Regresión,4770
Clustering,267
Clasificación,268
Regresión,4771
Clustering,268
Clasificación,269
Regresión,4772
Clustering,269
Clasificación,270
Regresión,4773
Clustering,270
Clasificación,271
Regresión,4774
Clustering,271
Clasificación,272
Regresión,4776
Clustering,272
Clasificación,273
Regresión,4777
Clustering,273
Clasificación,275
Regresión,4778
Clustering,275
Clasificación,277
Regresión,4779
Clustering,277
Clasificación,278
Regresión,4780
Clustering,278
Clasificación,279
Regresión,4781
Clustering,279
Clasificación,280
Regresión,4782
Clustering,280
Clasificación,281
Regresión,4783
Clustering,281
Clasificación,282
Regresión,4784
Clustering,282
Clasificación,283
Regresión,4785
Clustering,283
Clasificación,284
Regresión,4786
Clustering,284
Clasificación,285
Regresión,4787
Clustering,285
Clasificación,287
Regresión,4788
Clustering,287
Clasificación,288
Regresión,4789
Clustering,288
Clasificación,289
Regresión,4790
Clustering,289
Clasificación,290
Regresión,4791
Clustering,290
Clasificación,291
Regresión,4792
Clustering,291
Clasificación,292
Regresión,4793
Clustering,292
Clasificación,293
Regresión,4794
Clustering,293
Clasificación,294
Regresión,4795
Clustering,294
Clasificación,295
Regresión,4796
Clustering,295
Clasificación,296
Regresión,4797
Clustering,296
Clasificación,297
Regresión,4798
Clustering,297
Clasificación,298
Regresión,4799
Clustering,298
Clasificación,299
Regresión,4800
Clustering,299
Clasificación,301
Regresión,4801
Clustering,301
Clasificación,302
Regresión,4802
Clustering,302
Clasificación,303
Regresión,4803
Clustering,303
Clasificación,304
Regresión,4804
Clustering,304
Clasificación,305
Regresión,4805
Clustering,305
Clasificación,306
Regresión,4806
Clustering,306
Clasificación,308
Regresión,4807
Clustering,308
Clasificación,309
Regresión,4808
Clustering,309
Clasificación,310
Regresión,4809
Clustering,310
Clasificación,311
Regresión,4810
Clustering,311
Clasificación,312
Regresión,4811
Clustering,312
Clasificación,313
Regresión,4812
Clustering,313
Clasificación,314
Regresión,4813
Clustering,314
Clasificación,315
Regresión,4814
Clustering,315
Clasificación,316
Regresión,4815
Clustering,316
Clasificación,317
Regresión,4816
Clustering,317
Clasificación,318
Regresión,4817
Clustering,318
Clasificación,319
Regresión,4818
Clustering,319
Clasificación,320
Regresión,4819
Clustering,320
Clasificación,321
Regresión,4820
Clustering,321
Clasificación,322
Regresión,4821
Clustering,322
Clasificación,323
Regresión,4822
Clustering,323
Clasificación,324
Regresión,4823
Clustering,324
Clasificación,325
Regresión,4824
Clustering,325
Clasificación,326
Regresión,4825
Clustering,326
Clasificación,327
Regresión,4826
Clustering,327
Clasificación,328
Regresión,4828
Clustering,328
Clasificación,329
Regresión,4829
Clustering,329
Clasificación,331
Regresión,4830
Clustering,331
Clasificación,332
Regresión,4831
Clustering,332
Clasificación,333
Regresión,4832
Clustering,333
Clasificación,334
Regresión,4833
Clustering,334
Clasificación,335
Regresión,4834
Clustering,335
Clasificación,336
Regresión,4835
Clustering,336
Clasificación,337
Regresión,4836
Clustering,337
Clasificación,338
Regresión,4837
Clustering,338
Clasificación,339
Regresión,4838
Clustering,339
Clasificación,340
Regresión,4839
Clustering,340
Clasificación,341
Regresión,4840
Clustering,341
Clasificación,342
Regresión,4841
Clustering,342
Clasificación,343
Regresión,4842
Clustering,343
Clasificación,344
Regresión,4843
Clustering,344
Clasificación,345
Regresión,4844
Clustering,345
Clasificación,346
Regresión,4845
Clustering,346
Clasificación,347
Regresión,4846
Clustering,347
Clasificación,1766
Regresión,4847
Clustering,1766
Clasificación,1767
Regresión,4848
Clustering,1767
Clasificación,1768
Regresión,4849
Clustering,1768
Clasificación,1769
Regresión,4850
Clustering,1769
Clasificación,1770
Regresión,4851
Clustering,1770
Clasificación,1771
Regresión,4852
Clustering,1771
Clasificación,1772
Regresión,4853
Clustering,1772
Clasificación,1773
Regresión,4854
Clustering,1773
Clasificación,1774
Regresión,4855
Clustering,1774
Clasificación,1775
Regresión,4856
Clustering,1775
Clasificación,1776
Regresión,4857
Clustering,1776
Clasificación,1777
Regresión,4858
Clustering,1777
Clasificación,1778
Regresión,4859
Clustering,1778
Clasificación,1779
Regresión,4860
Clustering,1779
Clasificación,1780
Regresión,4861
Clustering,1780
Clasificación,1782
Regresión,4862
Clustering,1782
Clasificación,1784
Regresión,4863
Clustering,1784
Clasificación,1786
Regresión,4864
Clustering,1786
Clasificación,1787
Regresión,4865
Clustering,1787
Clasificación,1788
Regresión,4866
Clustering,1788
Clasificación,1789
Regresión,4867
Clustering,1789
Clasificación,1790
Regresión,4868
Clustering,1790
Clasificación,1791
Regresión,4869
Clustering,1791
Clasificación,1792
Regresión,4870
Clustering,1792
Clasificación,1793
Regresión,4871
Clustering,1793
Clasificación,1794
Regresión,4872
Clustering,1794
Clasificación,1795
Regresión,4873
Clustering,1795
Clasificación,1796
Regresión,4874
Clustering,1796
Clasificación,1798
Regresión,4875
Clustering,1798
Clasificación,1799
Regresión,4876
Clustering,1799
Clasificación,1800
Regresión,4877
Clustering,1800
Clasificación,1801
Regresión,4878
Clustering,1801
Clasificación,1802
Regresión,4879
Clustering,1802
Clasificación,1803
Regresión,4880
Clustering,1803
Clasificación,1804
Regresión,4881
Clustering,1804
Clasificación,1805
Regresión,4882
Clustering,1805
Clasificación,1806
Regresión,4883
Clustering,1806
Clasificación,1807
Regresión,4884
Clustering,1807
Clasificación,1809
Regresión,4885
Clustering,1809
Clasificación,1811
Regresión,4886
Clustering,1811
Clasificación,1812
Regresión,4887
Clustering,1812
Clasificación,1813
Regresión,4888
Clustering,1813
Clasificación,1814
Regresión,4889
Clustering,1814
Clasificación,1815
Regresión,4891
Clustering,1815
Clasificación,1816
Regresión,4892
Clustering,1816
Clasificación,1817
Regresión,4893
Clustering,1817
Clasificación,1818
Regresión,4894
Clustering,1818
Clasificación,1819
Regresión,4895
Clustering,1819
Clasificación,1821
Regresión,4896
Clustering,1821
Clasificación,1822
Regresión,4897
Clustering,1822
Clasificación,1823
Regresión,4898
Clustering,1823
Clasificación,1824
Regresión,4899
Clustering,1824
Clasificación,1825
Regresión,4900
Clustering,1825
Clasificación,1826
Regresión,4901
Clustering,1826
Clasificación,1827
Regresión,4902
Clustering,1827
Clasificación,1828
Regresión,4903
Clustering,1828
Clasificación,1829
Regresión,4904
Clustering,1829
Clasificación,1830
Regresión,4905
Clustering,1830
Clasificación,1831
Regresión,4906
Clustering,1831
Clasificación,1832
Regresión,4907
Clustering,1832
Clasificación,1833
Regresión,4908
Clustering,1833
Clasificación,1834
Regresión,4909
Clustering,1834
Clasificación,1835
Regresión,4910
Clustering,1835
Clasificación,1836
Regresión,4911
Clustering,1836
Clasificación,1837
Regresión,4912
Clustering,1837
Clasificación,1838
Regresión,4913
Clustering,1838
Clasificación,1839
Regresión,4914
Clustering,1839
Clasificación,1840
Regresión,4915
Clustering,1840
Clasificación,1841
Regresión,4916
Clustering,1841
Clasificación,1842
Regresión,4917
Clustering,1842
Clasificación,1843
Regresión,4918
Clustering,1843
Clasificación,1844
Regresión,4919
Clustering,1844
Clasificación,1845
Regresión,4920
Clustering,1845
Clasificación,1846
Regresión,4921
Clustering,1846
Clasificación,1847
Regresión,4922
Clustering,1847
Clasificación,1848
Regresión,4923
Clustering,1848
Clasificación,1849
Regresión,4924
Clustering,1849
Clasificación,1850
Regresión,4925
Clustering,1850
Clasificación,1851
Regresión,4926
Clustering,1851
Clasificación,1852
Regresión,4927
Clustering,1852
Clasificación,1853
Regresión,4928
Clustering,1853
Clasificación,1854
Regresión,4929
Clustering,1854
Clasificación,1855
Regresión,4930
Clustering,1855
Clasificación,1856
Regresión,4931
Clustering,1856
Clasificación,1857
Regresión,4932
Clustering,1857
Clasificación,1858
Regresión,4933
Clustering,1858
Clasificación,1859
Regresión,4934
Clustering,1859
Clasificación,1860
Regresión,4935
Clustering,1860
Clasificación,1861
Regresión,4936
Clustering,1861
Clasificación,1862
Regresión,4937
Clustering,1862
Clasificación,1863
Regresión,4938
Clustering,1863
Clasificación,1865
Regresión,4939
Clustering,1865
Clasificación,1866
Regresión,4940
Clustering,1866
Clasificación,1867
Regresión,4941
Clustering,1867
Clasificación,1868
Regresión,4942
Clustering,1868
Clasificación,1869
Regresión,4943
Clustering,1869
Clasificación,1870
Regresión,4944
Clustering,1870
Clasificación,1871
Regresión,4945
Clustering,1871
Clasificación,1872
Regresión,4946
Clustering,1872
Clasificación,1873
Regresión,4947
Clustering,1873
Clasificación,1874
Regresión,4948
Clustering,1874
Clasificación,1875
Regresión,4949
Clustering,1875
Clasificación,1876
Regresión,4950
Clustering,1876
Clasificación,1877
Regresión,4951
Clustering,1877
Clasificación,1878
Regresión,4952
Clustering,1878
Clasificación,1879
Regresión,4953
Clustering,1879
